Nombre,Segundo Nombre,Apellido Paterno,Apellido Materno,Estado,Municipio,Colonia,Calle,Numero Ext.,Numero Int.,Codigo Postal,CURP,Clave Elector,Fecha de Nacimiento,Seccion,Vigencia Ano Inicio,Vigencia Ano Final,Ano Registro,Mes Registro
SESSA,,CORDOVA,SALAS,BC,SAN BIANCA LOS BAJOS,LOS BAJOS SUR,CIRCUNVALACION SUR PERALES KM,83.8,,55617,CSVC364335MFTITAZ9,LARWYV54529015Z3W3,05/03/1970,5696,2021,2031,2008,11
LILIANA,,ALARCON,CEDILLO,QRO,SAN SAMUEL LOS ALTOS,DE LA MONTANA NORTE,DIAGONAL NORTE BUENO,4585,DEPTO B,34054,EUHE540986MQVTNNT4,PEMRYC02173575YRUT,19/02/1983,5950,2026,2036,2019,12
KARLA,,DAVILA,BORREGO,AGS,VIEJA MOZAMBIQUE,LOS ALTOS NORTE,VIADUCTO REPUBLICA DE COREA,2249-35,,56658,OJGS395650MFADSQX6,YFBDKY96244305J4OC,21/04/2006,4109,2023,2033,2006,02
MARISELA,,MARIN,VIERA,SIN,SAN MARIANO DE LA MONTANA,LOS ALTOS SUR,CALZADA PERU KM,7.4,,21269,ZSTD946117MCPTGBH7,RYRDEV16469517F76P,17/12/1963,2635,2022,2032,2016,02
ANGELICA,,BUENO,PAEZ,DGO,SAN HOMERO LOS BAJOS,LOS BAJOS SUR,AVENIDA MESA,S/N,,76790,KOQJ644938MOAOHZH2,QCOYOZ02388920LOZL,19/12/1935,9839,2029,2039,2004,05
RUFINO,,GUTIERREZ,MELGAR,MIC,VIEJA AUSTRALIA,LOS BAJOS SUR,CERRADA MAURICIO,S/N,,16342,ZHJQ989885HWSGFMK5,OKPYAI01030895WSNT,15/05/1953,0433,2024,2034,2005,02
MARISELA,,CASARES,GONZALEZ,COA,VIEJA TIMOR-LESTE,LOS ALTOS SUR,BOULEVARD SUR TAFOYA,S/N,,93176,FDWZ635565MCWUWHF0,XWZCXB96383523NBDA,27/04/1975,1977,2021,2031,2005,05
SONIA,,DUARTE,OTERO,DGO,SAN CARMEN LOS ALTOS,LOS ALTOS SUR,PRIVADA SUR ANGUIANO MZ 44 LT,89,DEPTO J,57099,JZTE373278HZWYOAX2,SIFHOI091781526EG2,11/12/1936,6503,2028,2038,2019,08
OFELIA,,MAESTAS,MARIN,SON,SAN JERONIMO DE LA MONTANA,DE LA MONTANA NORTE,CALLEJON AYALA,3081,,17623,KMII579044MRAULEV9,TMZSBI38017320XA01,26/10/1973,2823,2020,2030,2014,10
JUANA,,RAMOS,BUSTOS,TLAX,SAN ALDONZA LOS BAJOS,LOS BAJOS SUR,CALZADA SUR ARANDA,1715-71,,16894,UROE331288HCWEKW35,AAASUY69424826CIDY,28/09/2002,1555,2022,2032,2005,09
SOFIA,,PICHARDO,GURULE,BC,NUEVA REPUBLICA DE COREA,LOS BAJOS SUR,PASAJE RUIZ,S/N,,28659,DBSO384061HSDVDJW9,WOKFZO0326484350N8,25/11/1974,6929,2025,2035,2000,06
ARCELIA,,SERRANO,PEDRAZA,YUC,SAN LUIS LOS BAJOS,LOS ALTOS SUR,BOULEVARD COLIMA,516,,43207,DOOG147192HHOJSHQ2,GQMVVW20981339TWO8,02/12/1953,5235,2026,2036,2002,02
BEATRIZ,,SERNA,ZAMORA,OAX,VIEJA CHILE,DE LA MONTANA SUR,BOULEVARD NEGRON MZ 97 LT,13,PISO 11,92948,QFMM086692MCKQKTF8,YAPFMY86859353XHBM,21/01/1972,9771,2023,2033,2006,09
SESSA,,DE LA ROSA,ZAMBRANO,Q.ROO,VIEJA UCRANIA,LOS ALTOS NORTE,DIAGONAL LLAMAS,S/N,F,54100,AHQC061825MHMNIFY4,DIOUTR18845682AGNY,11/08/1957,0826,2026,2036,2019,09
VICENTE,,HERRERA,COLUNGA,SLP,SAN MAGDALENA DE LA MONTANA,LOS BAJOS SUR,ANDADOR SUR MAESTAS,4823-39,PISO 2,20661,GWHP764866MUVGGRA1,GIHHBK94072317IQBY,29/04/1943,3981,2025,2035,2019,07
JOSE,EMILIO,MEJIA,DE JESUS,SLP,SAN VICENTE DE LA MONTANA,LOS BAJOS NORTE,AMPLIACION DOMINGUEZ,4033E,,35279,UKST098060MIQQIH11,AUWLUU00450730P0DA,05/02/1956,9203,2023,2033,2016,07
ABELARDO,,GUERRA,RODRIGUEZ,AGS,SAN VICTORIA DE LA MONTANA,DE LA MONTANA NORTE,CIRCUITO PABON MZ 45 LT,16,,96384,BDAC859135MEDNWE48,IQIZAH85032227K55I,25/10/1977,1434,2022,2032,2012,12
PORFIRIO,,RUBIO,ZAYAS,DGO,SAN YURIDIA LOS BAJOS,LOS ALTOS SUR,CALZADA OAXACA,6816-80,,82250,DSXB983368MEXBLWR3,BBNNKE20614338LBUS,10/10/1995,4596,2026,2036,2004,01
NOEMI,,MONTEZ,ORTIZ,OAX,SAN ESTEFANIA LOS ALTOS,LOS BAJOS SUR,CALLE MEXICO,S/N,C,55077,DXGB903180MCXQKSS2,IHBXGE57342701HVXN,12/07/1973,0110,2024,2034,2022,10
ESTEBAN,,LIRA,CORTEZ,Q.ROO,SAN SOFIA LOS BAJOS,LOS ALTOS SUR,AMPLIACION SUR AMAYA KM,66.5,,10502,HFPJ427033MJQDJTX9,DBOPUY297281663EOX,21/04/1988,1905,2022,2032,2011,02
SANTIAGO,,QUINONEZ,RANGEL,AGS,VIEJA CAMBOYA,DE LA MONTANA NORTE,CALZADA KENYA KM,94.1,,53212,MXAY114082HZHKOR75,CZPKVN78443305X66R,23/10/1998,3072,2024,2034,2021,09
OCTAVIO,,CEJA,VANEGAS,SIN,SAN CESAR DE LA MONTANA,LOS ALTOS SUR,CIRCUNVALACION SONORA,5915D,,21156,NVDD497033HXVXTOS2,RNZQBO09950076V0Y2,01/12/1998,5350,2024,2034,2009,11
KARINA,,MANZANARES,LUGO,QRO,VIEJA SINGAPUR,DE LA MONTANA SUR,CONTINUACION ALVARADO,9176-47,,77174,AZKG806226HEGHTK40,JSJIZY806894562UDB,02/11/1984,4772,2029,2039,2004,03
ALVARO,,MONTES,APONTE,BCS,SAN IVAN LOS BAJOS,LOS BAJOS SUR,ANDADOR NORTE VANEGAS MZ 25 LT,21,PISO 12,55185,NAJZ167780MDDLAEL8,DIDLTA65864924Z1SL,06/04/1959,0664,2021,2031,2005,04
MARCO,ANTONIO,RUELAS,ARAGON,JAL,VIEJA GUINEA,DE LA MONTANA SUR,AMPLIACION GUINEA ECUATORIAL,4422,EDIFICIO 14 DEPTO 97,39685,LGCR771595MSSVLLQ1,SXGGSU05508203HDYA,25/02/2005,9293,2027,2037,2013,10
JAIME,,SALCEDO,CEJA,ZAC,NUEVA REPUBLICA DEMOCRATICA DEL CONGO,LOS BAJOS NORTE,DIAGONAL NORTE NARVAEZ MZ 89 LT,4,,62952,IKVW239988HYRKBKV5,JZQSAB95250961D4MR,21/10/1960,8753,2030,2040,2022,09
JAIME,,OROSCO,ORTEGA,MEX,SAN ROLANDO LOS ALTOS,LOS ALTOS NORTE,BOULEVARD SANTANA,S/N,,78113,PCKM173303MSPIPLV4,VLNYFL39393204VC04,21/08/2000,1652,2020,2030,2003,02
RAMON,,MADRID,PARTIDA,TLAX,SAN ITZEL LOS BAJOS,LOS ALTOS SUR,PRIVADA EGIPTO KM,24.7,,61883,ATXG017901HSBDBT96,ZHSBUW007929006KZU,25/03/1976,4842,2021,2031,2014,07
BERNARDO,,YANEZ,GURULE,DGO,NUEVA VENEZUELA,DE LA MONTANA NORTE,CONTINUACION TAMAULIPAS,8198E,INT 298,48735,DYDI972840HKJTALB2,JTKUJG76997254CF49,05/02/1950,4167,2025,2035,2004,02
LUCAS,,GALVEZ,BONILLA,Q.ROO,SAN JOSE EDUARDO LOS ALTOS,LOS BAJOS NORTE,PEATONAL SISNEROS KM,63.9,,29654,HOJO067908MGDGFYM6,OVZRWG02518941P8HP,06/02/1991,5409,2020,2030,2006,07
ALEJANDRO,,BANUELOS,ROBLES,SLP,SAN PASCUAL LOS BAJOS,LOS ALTOS NORTE,PROLONGACION BRASIL,7522-84,,84251,YGJO746913MYEQJWA0,ZZZGXO221297321UOM,31/07/1937,3835,2023,2033,2021,05
JACINTO,,DOMINGUEZ,POSADA,QRO,SAN MARIA CRISTINA LOS ALTOS,LOS ALTOS SUR,VIADUCTO NORTE PELAYO KM,52.1,,88183,WPFA869281MYXPRYO9,YOWKIS563369454D8F,29/05/1974,8928,2020,2030,2010,05
TIMOTEO,,GARAY,SANABRIA,GTO,SAN ANA MARIA DE LA MONTANA,LOS ALTOS SUR,CONTINUACION DUENAS,1621-20,,98790,KVYY484806HBUIAHW6,LPYXWY363085672BOH,16/09/1947,1532,2025,2035,2022,12
MARIA,LUISA,ZARATE,OQUENDO,DGO,SAN CARLA LOS ALTOS,DE LA MONTANA NORTE,PASAJE CHIAPAS,6445J,,17807,KDAM147580HHPHDLZ6,NKBHQU69235402TXRX,02/02/1938,0657,2022,2032,2009,10
LORENZO,,VENEGAS,VILLAREAL,OAX,SAN JORGE LUIS LOS ALTOS,DE LA MONTANA NORTE,BOULEVARD PINA,5886,,23832,IBWR894696MMMBWPJ3,TDVKIL795222710KJI,17/08/1995,0070,2026,2036,2016,02
DEBORA,,OLIVAS,TORO,TLAX,SAN DULCE DE LA MONTANA,DE LA MONTANA NORTE,PERIFERICO SUR CEPEDA MZ 95 LT,53,A,70752,INKE031521HBQZIYM8,BKVADH97618987MHJJ,14/05/1969,1171,2027,2037,2011,01
ANGELICA,,ZAVALA,PERES,DGO,SAN ANTONIA DE LA MONTANA,DE LA MONTANA SUR,ANDADOR SUR CARDENAS,S/N,,23447,KASO365439HROHPD01,GXNKOU12087703S20K,20/11/1980,6560,2028,2038,2010,02
ZACARIAS,,CORRAL,OTERO,CDMX,NUEVA BHUTAN,DE LA MONTANA NORTE,CALLEJON AFGANISTAN KM,92.0,,82273,LFBL278569HVURXMM5,TGIHGN26279675R637,20/07/1983,7297,2022,2032,2018,03
CARLOS,,SALAZAR,CARVAJAL,HGO,SAN LORENZO LOS BAJOS,LOS ALTOS NORTE,RETORNO KAZAJSTAN,S/N,,49418,XYRH533359MGWXAMB8,UGHCLE69198065FIBE,11/02/1974,0427,2021,2031,2023,08
OFELIA,,SALCIDO,ZAVALA,CAMP,SAN RUFINO LOS ALTOS,LOS BAJOS NORTE,ANDADOR LUXEMBURGO MZ 8 LT,70,,76725,LHKA255890MHOXCQ64,XVBQBS82065225PYP1,27/03/1964,1633,2030,2040,2004,04
CESAR,,MERCADO,DELGADO,DGO,SAN FLAVIO DE LA MONTANA,DE LA MONTANA SUR,RETORNO SAUCEDO KM,90.0,DEPTO 946,75589,YEGU902581HQUYFBY1,BRYGPC04869611P1K9,17/07/1944,1400,2022,2032,2000,01
DELIA,,JIMINEZ,BUSTAMANTE,QRO,SAN MARIA LUISA DE LA MONTANA,LOS BAJOS NORTE,CORREDOR SUR LIRA MZ 12 LT,25,I,69078,OCZV922324HUYIDI53,YJRRJL366125961UPV,13/09/1950,7115,2020,2030,2002,02
ASUNCION,,LEIVA,MARTINEZ,SON,SAN FABIOLA DE LA MONTANA,LOS BAJOS SUR,PERIFERICO ROSADO,940-52,PISO 14,86988,NTWO557043MLGAHSG8,EXLQFZ96679209KM2Y,31/08/1991,4531,2025,2035,2004,08
OMAR,,SAIZ,BUSTOS,VER,SAN MARISELA LOS BAJOS,LOS BAJOS NORTE,AVENIDA SORIA,540I,DEPTO 137,18806,AQXF846341MUDASFD1,CKODMS00777700PW9O,13/12/1996,8932,2028,2038,2009,05
WENDOLIN,,POSADA,LINARES,MEX,SAN JORGE LUIS LOS BAJOS,LOS BAJOS SUR,BOULEVARD YBARRA,1273C,,42320,AARZ468056MDVZMKE4,AYVLDW650818308W3A,11/01/1939,6446,2030,2040,2001,10
RUFINO,,HURTADO,MENCHACA,JAL,VIEJA ISLAS MARSHALL,LOS BAJOS SUR,PRIVADA FIJI,S/N,,87683,SQEK023558HYGFOON0,IDDLRU529190253PLT,09/02/1974,5113,2024,2034,2022,03
PERLA,,SANDOVAL,NAVA,BCS,VIEJA EL SALVADOR,LOS ALTOS SUR,CALZADA CISNEROS MZ 26 LT,51,EDIFICIO 15 DEPTO 81,49041,VNWR072530MUFHVWV8,FOLULN18097674Y83D,03/01/1984,2154,2021,2031,2017,08
SANTIAGO,,TIRADO,GOLLUM,CHIH,SAN MARGARITA DE LA MONTANA,LOS BAJOS NORTE,CONTINUACION ESLOVAQUIA,8613,,54414,DHYN900132MKMZMFO8,QLCRTD17943648RZV4,02/06/1950,9821,2025,2035,2007,12
GERONIMO,,TAPIA,SANTACRUZ,HGO,NUEVA SRI LANKA,DE LA MONTANA NORTE,AMPLIACION NORTE RAMON KM,53.7,PISO 17,51012,RWJI124794MYQUNXN2,HNGOLF92215444K2MQ,25/09/2003,3333,2025,2035,2011,12
CAMILO,,URBINA,RESENDEZ,TAB,NUEVA HUNGRIA,LOS BAJOS NORTE,CALLE RIOS MZ 62 LT,20,,84154,ZAEZ529658HEHFHZ04,GDEMTC45225977Q906,28/06/2005,1430,2021,2031,2018,02
URIEL,,VARGAS,RENDON,OAX,VIEJA PANAMA,LOS BAJOS SUR,CALLEJON ANTIGUA Y BARBUDA KM,88.2,DEPTO D,41721,ZBIJ330734HTYTZJ79,OLTSBD85866102J9GE,28/06/1938,0177,2026,2036,2018,08
GONZALO,,ESCOBAR,ARANDA,GTO,SAN MARCO ANTONIO DE LA MONTANA,LOS ALTOS NORTE,CIRCUNVALACION NORTE TIJERINA,5770-35,H,41859,UCTU930616MZAHMN16,AZGYWV90560996807V,07/03/1954,0130,2027,2037,2018,12
GERMAN,,LUCIO,BRISENO,CDMX,SAN JUDITH DE LA MONTANA,LOS BAJOS SUR,ANDADOR ROLDAN,4421,,92560,MIPE976978HTFILBV2,YJXXKX25900230SZNI,17/07/1988,3173,2029,2039,2003,04
FELIPE,,OCASIO,AMAYA,NAY,VIEJA EGIPTO,LOS ALTOS SUR,PEATONAL NORTE VALLEJO,3513,,76647,XHLE739452HXQTOL56,RPVPSJ25785196C1FD,12/11/1935,1436,2028,2038,2002,12
MARIA,TERESA,GALVEZ,MAYORGA,COL,NUEVA LIBANO,DE LA MONTANA NORTE,CORREDOR BAJA CALIFORNIA,625,,40280,RUGP253938HYHQZDH8,CKEXEU76243441IZPQ,08/07/1984,6912,2022,2032,2019,10
LUIS,,SANTACRUZ,MENENDEZ,SIN,NUEVA ARGENTINA,LOS BAJOS NORTE,VIADUCTO FELICIANO KM,39.1,,88381,PIFI164305MBTUSVY1,UVBBCG263056419MF1,05/02/1981,4932,2029,2039,2017,11
CRISTOBAL,,MADRIGAL,PATINO,YUC,SAN MARISOL LOS BAJOS,LOS BAJOS NORTE,CERRADA QATAR MZ 85 LT,88,,58261,LOKU653647HVBQJZZ4,SRSOGE51037311K13Y,01/11/1981,1568,2020,2030,2010,12
MARIA,ELENA,VARGAS,GUERRA,TAMPS,VIEJA TURKMENISTAN,LOS BAJOS SUR,PERIFERICO COAHUILA DE ZARAGOZA,S/N,INT 274,54737,LKTY905384MOASSFU5,VLHHWW3064013950FO,03/06/1991,3628,2021,2031,2017,01
EUGENIO,,ORELLANA,PORRAS,YUC,NUEVA AFGANISTAN,DE LA MONTANA NORTE,CALLE AGUASCALIENTES MZ 43 LT,55,,14074,OEKC697450MTZAJVA3,KRNXDY95532471SM8I,28/11/2003,8957,2029,2039,2007,08
SOCORRO,,CARMONA,LEMUS,HGO,SAN LEONARDO LOS BAJOS,LOS BAJOS NORTE,CALLEJON SUR GODOY,7662C,,89836,MGWU590661MYTUNHN0,WCZQCD859927570OL9,01/08/1991,5595,2020,2030,2010,05
ANTONIO,,LARA,FLORES,VER,NUEVA HAITI,LOS ALTOS NORTE,PEATONAL ALEMANIA,9506-28,,14890,PSGT776986HCMDFLG0,DRUIXG61248645P8J3,01/02/1936,9945,2024,2034,2000,06
JOSE,,LEDESMA,DEL RIO,MOR,VIEJA KIRGUISTAN,DE LA MONTANA NORTE,PRIVADA SUR VELEZ,S/N,,78191,OXQU839263HXFGRF88,SCCVKC76196315Z1EW,25/12/1936,0936,2022,2032,2018,02
ABEL,,CERVANTEZ,MAYA,GRO,NUEVA MONTENEGRO,LOS ALTOS NORTE,DIAGONAL QUERETARO KM,72.6,,79236,CNZT075056MQVJAD24,LIRPCA777817558I2C,08/09/1965,2542,2021,2031,2002,08
OSWALDO,,NEGRETE,MARQUEZ,MEX,SAN SERAFIN DE LA MONTANA,DE LA MONTANA SUR,EJE VIAL ESPINAL,6884J,,26801,FVCO020049HZNDRZ97,QXJAIP63471600MJ9C,14/06/1973,5735,2028,2038,2007,06
IRENE,,ALTAMIRANO,ESQUIVEL,GRO,VIEJA COLOMBIA,LOS BAJOS SUR,PEATONAL NORTE LIRA,3929,,75802,BGFY679891MYTNKT59,OGAUHA79521535NUYQ,02/10/1969,9037,2025,2035,2016,10
YENI,,CANDELARIA,VACA,JAL,NUEVA GABON,LOS BAJOS SUR,EJE VIAL LUCERO,8160,EDIFICIO 9 DEPTO 60,12632,NUWI598360HLQZWV47,MGWOTM282345987FPM,14/10/1973,5966,2025,2035,2005,10
URSULA,,IRIZARRY,HERNANDEZ,HGO,SAN ALEJANDRA LOS BAJOS,DE LA MONTANA NORTE,CIRCUNVALACION BERRIOS KM,44.2,,48527,RGLQ583823HMIYPRL4,GAUECP92366991VP00,21/08/1955,6164,2027,2037,2023,05
VIRGINIA,,SANABRIA,PADILLA,GTO,VIEJA SAINT KITTS Y NEVIS,LOS BAJOS SUR,EJE VIAL ITALIA,4137-55,,23009,QJOV678852HSMFGO12,UFZBHV456096121FR7,18/08/1993,1628,2028,2038,2004,05
OSWALDO,,RODRIQUEZ,SALGADO,CAMP,VIEJA ETIOPIA,LOS BAJOS SUR,CONTINUACION FILIPINAS,1882,,49062,HENF190446MLLQSS72,JQWIOD84017669B8DK,23/10/1961,5686,2020,2030,2017,04
ROSALIA,,RODARTE,MORALES,CHIH,VIEJA SUDAFRICA,LOS ALTOS NORTE,PEATONAL SOLORZANO,4316,,50283,NOKI276978HFDXXRY9,PASKND33883958IIOR,13/01/1941,4689,2030,2040,2013,02
CECILIA,,GARZA,QUINTANA,TLAX,NUEVA REPUBLICA DEMOCRATICA POPULAR LAO,DE LA MONTANA NORTE,CALLE TAILANDIA,S/N,,67966,RCGP551062MQDVNVV1,HOLMWB15524702OGX5,05/07/1963,2241,2026,2036,2005,04
NATIVIDAD,,QUINONES,ESCAMILLA,CHIH,NUEVA POLONIA,LOS ALTOS SUR,PERIFERICO MYANMAR KM,100.9,,55849,ZFLT022524HNGGFKI8,DERFIT69436628B26W,16/04/2004,4112,2030,2040,2008,12
LOURDES,,VELA,TAMEZ,JAL,NUEVA GEORGIA,DE LA MONTANA NORTE,EJE VIAL OAXACA,683A,DEPTO H,83913,SMLN322044HTBDNH07,DFITCN71153665RX2K,05/11/1976,2014,2024,2034,2003,01
ESTELA,,BALDERAS,GRANADOS,DGO,SAN ASUNCION LOS ALTOS,DE LA MONTANA NORTE,CALLE GUATEMALA,8749H,,39750,ABAZ881928MDIDQAW1,SFJXEZ72463561Y00O,24/04/1948,7735,2028,2038,2016,01
SONIA,,FAJARDO,PUENTE,GTO,SAN DALIA DE LA MONTANA,LOS BAJOS NORTE,PROLONGACION SUR DE LA CRUZ MZ 13 LT,11,,52943,YXCQ564283MCSUEG99,WJEVHS0150397982P5,09/05/2003,1260,2025,2035,2021,09
MITZY,,DIAZ,PADRON,COL,SAN PAULINA LOS BAJOS,LOS ALTOS NORTE,DIAGONAL BENIN,S/N,,21833,GGVQ214006MZCNWBY6,IHGCHP68984626AP8U,29/08/2002,9960,2021,2031,2022,02
RUBEN,,MALAVE,MADRIGAL,TLAX,VIEJA ARABIA SAUDITA,LOS ALTOS NORTE,PRIVADA MONTEMAYOR,7232-15,,51175,QFYK506231MWDLBDM6,EIGMWB52106949Q7G6,31/05/1997,9989,2021,2031,2017,02
JULIO,,ALEJANDRO,ARENAS,MIC,SAN ROLANDO LOS ALTOS,LOS ALTOS SUR,PRIVADA MANZANARES,7095J,INT 334,21319,ANCT884145HWLQLDX6,KXCAHZ83635872CCMY,09/03/1982,8020,2024,2034,2003,01
PERLA,,RUIZ,CARRANZA,QRO,VIEJA REPUBLICA DE MOLDOVA,DE LA MONTANA NORTE,CONTINUACION SUR GUILLEN,S/N,,36813,UQSP782603MYMHQRF6,FJHRNB01791802XIBY,02/10/1947,1813,2030,2040,2005,01
ANGELICA,,GAMEZ,PORTILLO,GTO,NUEVA DJIBOUTI,LOS ALTOS SUR,AVENIDA BRASIL,8581,,45835,WXJF026629HJEQNNM7,ULGOTZ36061667763O,11/03/2000,6854,2028,2038,2007,07
RAMON,,GUILLEN,MEDINA,ZAC,SAN RAFAEL LOS BAJOS,DE LA MONTANA NORTE,CIRCUNVALACION RUBIO,S/N,PISO 3,97428,HEMG902347HQWCGZT2,XSEFMC94323725SJAM,20/01/1989,3627,2029,2039,2017,05
LETICIA,,RANGEL,VALDEZ,BC,SAN YOLANDA DE LA MONTANA,LOS BAJOS SUR,DIAGONAL MAYA,3292-76,I,30233,FFAB808446HDMOUFI0,WXHLWG323044436O5J,08/09/1940,3366,2021,2031,2017,12
VICENTE,,TERAN,ORTIZ,COL,SAN SUSANA LOS ALTOS,LOS ALTOS NORTE,CIRCUITO CHIPRE,9313-8,DEPTO C,58350,AALB406384HMWUGOW9,MVPBIW63929510QA04,18/08/1972,9575,2023,2033,2020,01
CRISTINA,,ESTRADA,SEVILLA,NAY,VIEJA CHAD,LOS ALTOS SUR,CONTINUACION COLOMBIA,4113-6,,18360,LZDH145083MAQJVER0,LSESKA45398679I7SU,11/09/1976,2043,2030,2040,2004,02
ABEL,,ALMANZA,HERRERA,CDMX,SAN NORMA LOS ALTOS,LOS BAJOS SUR,BOULEVARD YUCATAN,4476D,INT 304,18737,ZLEI995177HYMFDJ02,OVUYUD31891454DWNZ,10/10/1983,3689,2030,2040,2023,06
SOFIA,,ARMAS,URRUTIA,ZAC,NUEVA NUEVA ZELANDIA,LOS ALTOS NORTE,EJE VIAL MEXICO,1095A,,24612,EZVW948347MWKHQVF8,VDNRVM01987354NJPB,01/11/2002,9387,2022,2032,2017,06
JUDITH,,PUENTE,VILLARREAL,TLAX,VIEJA RWANDA,LOS BAJOS NORTE,BOULEVARD JAPON,9007,,19127,ZQLY355502HYCVMOT8,XPFAQU08107597QLMM,17/11/1993,6906,2023,2033,2005,04
AURORA,,JURADO,LLAMAS,SIN,SAN HERMELINDA DE LA MONTANA,LOS ALTOS NORTE,EJE VIAL REPUBLICA DEMOCRATICA POPULAR LAO,6253F,INT 55,94119,NLFO292430MAGLWD49,LIJZOZ931364416079,11/06/1954,4736,2030,2040,2007,01
SERAFIN,,MAESTAS,CARREON,BCS,VIEJA HUNGRIA,LOS BAJOS SUR,DIAGONAL NORTE BATISTA,4076-52,,48109,RPQV817430HUQEMDW2,WUDHRH58120154BPO4,25/09/1992,9193,2026,2036,2009,06
BRUNO,,BOTELLO,RODRIQUEZ,GTO,NUEVA LIBANO,LOS ALTOS NORTE,PASAJE BURKINA FASO,2919,,52383,NCFJ782575HZXHVEN3,REMKSY694120639EIJ,14/12/1963,2471,2024,2034,2000,01
JORGE,,SOLIZ,VAZQUEZ,QRO,SAN NOELIA DE LA MONTANA,DE LA MONTANA SUR,PRIVADA MONGOLIA KM,48.8,,61762,XWCU466152MZAPISB0,SDGKXS73100171CL6H,05/09/2005,2954,2027,2037,2001,04
FELIPE,,GAMBOA,ARROYO,BC,SAN LILIA LOS BAJOS,DE LA MONTANA NORTE,VIADUCTO GRACIA,9363-84,C,32081,XGGZ443861MKFYJZ76,KIQNIK13505013DFY1,12/04/1942,3922,2021,2031,2013,12
SUSANA,,MARQUEZ,SALINAS,CHIS,VIEJA AFGANISTAN,LOS ALTOS SUR,EJE VIAL DEL RIO,8152,INT 648,23143,BLAR559892HYOBHDT4,EFYBMH38000606OH6O,18/01/1974,3836,2021,2031,2007,07
LEONEL,,ESTEVEZ,SAAVEDRA,JAL,SAN EVELIO LOS ALTOS,LOS BAJOS SUR,CERRADA SONORA KM,66.6,,86507,VSXP878441HVHSLA98,ENEWKJ236254299WPA,31/03/1962,1450,2028,2038,2008,12
CLAUDIO,,PALOMO,MIRELES,SON,SAN MODESTO LOS BAJOS,LOS BAJOS NORTE,RETORNO NORTE TAPIA,S/N,,51730,JUPM976009HBZSRO50,BBACME63211689GH0G,16/08/1942,8963,2026,2036,2002,09
YURIDIA,,NEGRON,POLANCO,SLP,VIEJA BURKINA FASO,LOS ALTOS SUR,PEATONAL KIRIBATI MZ 59 LT,19,,98120,QWPE692588HYYXCLN3,DQDHFX57546639N575,07/04/1935,6969,2025,2035,2022,06
MARCELA,,CARRION,OJEDA,ZAC,SAN IVAN DE LA MONTANA,LOS ALTOS NORTE,AVENIDA SUR HERNANDES KM,50.5,,54764,BGNA183057HGQURBJ0,ECVDCL7576400579KP,13/04/1944,4744,2026,2036,2015,04
AMADOR,,MELENDEZ,LOPEZ,NAY,VIEJA PARAGUAY,LOS ALTOS SUR,CIRCUITO JALISCO,3642H,PISO 10,31406,CZRL036386MAMDIDV0,RPSXQK31050338TR4D,21/10/1949,8917,2029,2039,2015,06
AURELIO,,CABRERA,AVALOS,NAY,SAN VANESA LOS BAJOS,LOS BAJOS NORTE,CERRADA NORTE URBINA,S/N,,88467,NMXA332163MOHBJWP1,QFNCMK615399091PQG,21/10/1935,2780,2026,2036,2018,12
TIMOTEO,,MONTEZ,AVALOS,GTO,SAN FLAVIO DE LA MONTANA,LOS BAJOS SUR,CIRCUITO NORTE AGUILAR KM,14.1,,19341,CNUU813227MVHIBGC3,UEZKYG81706172RRV8,01/02/1959,5929,2023,2033,2011,01
ANTONIO,,OCAMPO,NAZARIO,JAL,SAN AMANDA LOS ALTOS,LOS ALTOS SUR,BOULEVARD LITUANIA,8273B,INT 85,95468,MFMG276041HNIDLRH7,UTQBJL25171276WOJX,22/05/1981,3717,2023,2033,2008,02
VIOLETA,,PRIETO,DE LA ROSA,HGO,SAN LINDA LOS ALTOS,LOS ALTOS NORTE,PERIFERICO GUERRERO MZ 70 LT,1,,88117,AYXF003567HBHJAS33,WFJPJH62620140QERQ,20/10/1940,1141,2029,2039,2014,11
MAXIMILIANO,,VASQUEZ,CARRION,MOR,SAN ANA LUISA DE LA MONTANA,LOS ALTOS SUR,CALLE SUR NEVAREZ,5669,,73347,UYYP152051MYGXJIA2,QZXIQR78968748F0AJ,02/06/1952,8327,2023,2033,2003,11
JOSE,MANUEL,MONTANO,TAMAYO,OAX,SAN BRUNO DE LA MONTANA,DE LA MONTANA NORTE,BOULEVARD PUEBLA,3908-55,,37681,KHXE313067MEAVVTK4,FRBXXK212811547G8A,18/04/1975,3554,2021,2031,2004,02
DEBORA,,MEDINA,MERINO,BC,SAN ANA LOS BAJOS,LOS ALTOS NORTE,CORREDOR REPUBLICA FEDERAL DEMOCRATICA DE NEPAL,9813-32,,30899,PGSC634314MAMURX34,YUFUFR10969494FIEA,31/12/1967,6406,2021,2031,2010,06
ANTONIA,,MONTEZ,LEBRON,TAB,NUEVA HUNGRIA,LOS BAJOS SUR,PERIFERICO DE LA O,1437-41,H,38185,VJNH632757HEHDIFO3,RWQHFV986595746S6W,17/03/1945,5711,2030,2040,2005,03
DANIEL,,CEPEDA,DAVILA,TLAX,SAN ALTA  GRACIA LOS BAJOS,DE LA MONTANA SUR,CALLEJON SUR CARABALLO,7365,,93118,SNUP654187MSZJFVF0,BTXXQT43669656J3U7,26/03/1973,3621,2023,2033,2019,02
SANDRA,,OLIVERA,ZARATE,BCS,SAN GRACIELA DE LA MONTANA,LOS ALTOS SUR,CALLE LIBANO,S/N,,18428,FSUC607830HPKFEM66,VVCDPZ56255498Q0MM,16/10/1951,6702,2030,2040,2000,04
ARMANDO,,RASCON,NAJERA,ZAC,SAN SARA DE LA MONTANA,LOS ALTOS NORTE,PROLONGACION SUR BARRIOS,S/N,,96496,ZVEE673172HAWACCC6,OMSIGC987407793T4T,31/01/1978,3842,2026,2036,2005,04
FLAVIO,,PENA,TAFOYA,COL,SAN LOURDES LOS BAJOS,LOS ALTOS SUR,RETORNO SUR JASSO KM,67.5,,71946,LYYP223046MNIKPT16,CVOERO39768607YF03,31/08/1937,6850,2028,2038,2018,12
GERMAN,,ALONZO,CENTENO,Q.ROO,VIEJA CHILE,LOS ALTOS NORTE,RETORNO BUSTAMANTE KM,81.2,F,35837,ILNV938234HCRUXJ58,MOAMPK90008085XWD0,03/08/1990,7099,2030,2040,2002,09
OLIVER,,COLLAZO,GUZMAN,BC,SAN BARBARA LOS ALTOS,LOS BAJOS SUR,PERIFERICO PALOMINO MZ 88 LT,93,,77630,UEHH046423MHHNAAV4,BEXVAA158932822FRR,23/08/1959,5570,2023,2033,2014,09
CAMILA,,MADRIGAL,BORREGO,MEX,VIEJA GUATEMALA,LOS ALTOS SUR,CONTINUACION APARICIO KM,74.3,,17655,RDXA055852HKOJELL3,MMDDMJ33938282AJNB,13/08/2002,4337,2025,2035,2004,06
HUGO,,CONTRERAS,BAEZA,TAMPS,NUEVA BELGICA,LOS ALTOS NORTE,CALZADA NORTE COTTO MZ 8 LT,33,,74756,QXDK138003MDMMMY30,NGXTFM57894731FBPX,14/10/1978,6462,2027,2037,2020,05
VIRGINIA,,ANGULO,PERES,TAB,SAN BEATRIZ DE LA MONTANA,LOS BAJOS NORTE,PEATONAL VENEGAS,S/N,,31333,TLCM401076HFRRBQC9,SHQZLZ89486988Z9O9,15/12/1948,2193,2022,2032,2011,06
BERNARDO,,OCASIO,ALARCON,PUE,SAN LILIANA LOS BAJOS,DE LA MONTANA SUR,ANDADOR AGUASCALIENTES,6218,,73665,ZGAR354110HTYAUJP1,WJPEUP25276127SRWC,06/12/1966,3560,2026,2036,2023,02
CARIDAD,,ANAYA,GAMEZ,NAY,NUEVA LETONIA,DE LA MONTANA SUR,CALLEJON AGUIRRE,S/N,,30785,QEGC461238MVWNPGC0,ZYWNKC732663706R6W,24/08/1948,6270,2026,2036,2011,09
ARCELIA,,SUAREZ,ROLDAN,PUE,VIEJA MAURITANIA,LOS BAJOS NORTE,VIADUCTO MAURICIO,3413,,33625,YEPT344422HXNCZS71,AKCQZH47217309FXVY,17/12/1946,5562,2023,2033,2002,02
RENATO,,BELTRAN,VELA,TAMPS,SAN OLIVIA LOS BAJOS,DE LA MONTANA NORTE,CIRCUNVALACION NORTE ROMERO,S/N,,20644,KUDX680341MQGSBW46,EMHOXH63524300I006,12/01/1985,2977,2026,2036,2009,12
CAROLINA,,VARELA,MORA,BC,SAN ELENA LOS ALTOS,DE LA MONTANA NORTE,CERRADA SUR RAMIREZ,S/N,,62482,KWCM174279HPKOXS96,UPXSEH73236844FL31,04/11/1997,4033,2026,2036,2018,11
VICTORIA,,ENRIQUEZ,ROBLEDO,CAMP,NUEVA DOMINICANA,DE LA MONTANA NORTE,AMPLIACION NORTE CAMARILLO,S/N,,44244,JWBA641481MEVJQYT0,DDNAYI817517445C1E,25/08/1966,9548,2029,2039,2003,03
GABRIEL,,ESQUIVEL,DIAZ,SIN,SAN OSCAR LOS ALTOS,LOS ALTOS NORTE,PEATONAL TELLO MZ 68 LT,20,,60315,GPFL923013MYALWHX4,LBTFIN696175681ZZR,09/03/1947,7391,2024,2034,2004,04
ESPARTACO,,CARMONA,NORIEGA,OAX,VIEJA TONGA,LOS ALTOS NORTE,PERIFERICO BAJA CALIFORNIA,2197-38,DEPTO C,81673,XXAV517587HJAOHJ84,DGPVIN26859925SMSU,19/04/1993,9141,2025,2035,2005,09
RODRIGO,,ALCARAZ,MUNOZ,TAB,VIEJA TIMOR-LESTE,LOS ALTOS NORTE,CIRCUNVALACION AFGANISTAN KM,75.5,,20694,HEHU066275MWVTNOD3,INCTJU014308276C4J,31/08/2004,6038,2025,2035,2022,01
MICAELA,,GAMBOA,BENAVIDEZ,CDMX,SAN VIRGINIA DE LA MONTANA,LOS BAJOS SUR,PROLONGACION NORTE ALTAMIRANO KM,9.2,EDIFICIO 15 DEPTO 78,56884,JSSF236717MMZAWWF7,LZXOLD15988647O0I2,25/08/1999,4206,2030,2040,2003,08
IRENE,,OCHOA,CASARES,YUC,SAN JUAN CARLOS LOS BAJOS,LOS BAJOS SUR,BOULEVARD SORIA,5600,,25657,IQCY683033HGDZYXJ2,QZFXIA96095734MW6Y,23/12/1952,2572,2030,2040,2000,07
CRISTAL,,DE JESUS,ALTAMIRANO,MOR,SAN LORENA DE LA MONTANA,DE LA MONTANA NORTE,AVENIDA REPUBLICA CENTROAFRICANA MZ 66 LT,62,,31708,IJJA669757MJDQTX16,BDDWUW06509486L7VH,25/06/1970,1014,2028,2038,2020,12
URIEL,,JAIME,CAMACHO,SLP,SAN EDUARDO LOS ALTOS,LOS ALTOS SUR,RETORNO CARREON,3379-43,,92738,AUQH697469HGXRMMF1,DIQNXN48968659N4MI,25/09/1939,8683,2020,2030,2009,01
ANA,MARIA,SOLORZANO,CALDERON,CDMX,SAN LILIANA LOS ALTOS,DE LA MONTANA SUR,BOULEVARD CAMPECHE,4488,,84804,HXRK736318HJNRLXJ9,WWVUUZ7594861883HV,05/12/2000,7011,2022,2032,2006,01
TOMAS,,MELENDEZ,DEL VALLE,VER,NUEVA BELGICA,LOS BAJOS SUR,PROLONGACION AZERBAIYAN MZ 98 LT,77,,35726,KLQV353874HACHUZW9,OGEYJP65272544P8IX,03/10/1968,5898,2025,2035,2000,12
GABINO,,CANALES,YBARRA,BC,SAN MAGDALENA LOS ALTOS,LOS BAJOS SUR,CONTINUACION QUINTANA ROO,2439A,DEPTO H,61963,NKJC868267MKSSICD4,WNFLPE021416701ETK,14/07/1940,1882,2020,2030,2004,09
SOFIA,,GALVEZ,OROSCO,MOR,SAN ELSA LOS BAJOS,DE LA MONTANA NORTE,DIAGONAL AGUASCALIENTES,729F,,80270,QFPW589866MPXWEZS5,UJBFPZ244189632DRT,28/11/1991,4494,2027,2037,2019,09
JOS,,PAZ,SERRANO,NL,NUEVA ISRAEL,LOS BAJOS SUR,AVENIDA GUANAJUATO KM,2.1,,28065,WTAJ509772MNRCXEO0,QTQMPA852159766XPG,21/07/1994,8149,2025,2035,2017,09
ZACARIAS,,BENITEZ,SALDANA,OAX,NUEVA SUIZA,LOS ALTOS NORTE,CALLE BAJA CALIFORNIA SUR,S/N,,73848,XVPC532018MTHJYDG0,YNEJEW045856126TOT,30/12/1953,1133,2028,2038,2020,07
JORGE,,VILLAGOMEZ,YANEZ,GRO,SAN JORGE LUIS LOS ALTOS,LOS ALTOS NORTE,RETORNO RINCON,6910-39,PISO 1,52963,SECC333333HCXFBOR1,HABGTD742968726PD3,24/08/2004,0732,2023,2033,2010,09
AURORA,,MUNGUIA,FERRER,CHIS,SAN WENDOLIN DE LA MONTANA,DE LA MONTANA NORTE,VIADUCTO NORTE MARROQUIN,3996,,54482,OHDJ153842MSSXQRZ1,OJEDRL362260022I6D,20/11/2002,9971,2020,2030,2022,11
MAXIMILIANO,,MATEO,AVILES,AGS,NUEVA AFGANISTAN,LOS BAJOS SUR,PEATONAL RODRIGEZ,3788,I,82879,KIKL610928HSWVTTZ0,PFNLDF943132758LPS,27/09/1992,8238,2026,2036,2010,02
ARIADNA,,MONTEMAYOR,AGUAYO,TAMPS,VIEJA DOMINICANA,LOS ALTOS NORTE,DIAGONAL SUR NAVA KM,29.1,,71286,SPAC401228MVTBWW27,SKMHKS32911302DOJC,20/09/1989,5653,2027,2037,2012,07
VIOLETA,,NEVAREZ,BENAVIDES,CDMX,SAN LINDA DE LA MONTANA,LOS BAJOS NORTE,PASAJE ARTEAGA,7882,,64952,IJIM458884HZXPJMY2,UAWTQZ721776765TVY,19/01/1947,5343,2022,2032,2017,05
VIOLETA,,ARENAS,ACEVEDO,NAY,VIEJA EGIPTO,LOS ALTOS NORTE,VIADUCTO RIVERA,2923-33,,70104,JSRO420996MUKVJVY6,LFCIKE25198552IIC9,25/09/1997,6230,2029,2039,2021,01
LEONEL,,SUAREZ,MONTEZ,TAMPS,SAN ZOE DE LA MONTANA,LOS ALTOS SUR,RETORNO QUINTANA,S/N,,23510,PTKY756368HGRGCG87,ZAUCHA41415499MQK8,20/08/1955,1553,2025,2035,2019,01
GUSTAVO,,CEPEDA,MONDRAGON,TAMPS,SAN LUCIA LOS ALTOS,LOS BAJOS NORTE,PROLONGACION TIMOR-LESTE MZ 7 LT,26,,69797,ELAR169531MCTRXBD4,KZSIUL056507754SQN,16/08/2003,3804,2020,2030,2015,03
PAULINA,,VILLASENOR,RANGEL,NL,SAN ESTEFANIA LOS ALTOS,LOS BAJOS SUR,CERRADA JALISCO,4664H,INT 436,65447,MSRQ653244HYIOWOO1,CHNDEH70236979PE8D,12/07/1940,8055,2026,2036,2013,06
FERNANDO,,CARMONA,TOLEDO,CHIH,SAN ROCIO LOS BAJOS,LOS ALTOS NORTE,BOULEVARD TAMAULIPAS,S/N,,43153,BANQ321137HZGVNBJ2,TAIFNP11250552D4NL,12/06/1994,2418,2030,2040,2006,12
BRUNO,,ARMENTA,GUERRERO,OAX,SAN ALEJANDRA LOS BAJOS,LOS BAJOS SUR,CORREDOR GAITAN,4343,,74975,VZID729631HWVGPRP8,BVQYXU9134690457VQ,30/05/1981,7555,2024,2034,2002,02
ROCIO,,MAESTAS,VELEZ,TAB,SAN RENATO DE LA MONTANA,DE LA MONTANA SUR,PEATONAL ARMENTA,S/N,,46799,EYWV570297HRCTFCV1,RIRNLQ290855463IER,30/07/1988,8986,2022,2032,2010,04
INDIRA,,AVILES,TORO,DGO,SAN DANIEL LOS ALTOS,LOS ALTOS SUR,CIRCUNVALACION LOPEZ MZ 41 LT,18,,36403,MPDK968887MFHAKFT4,VVOPCN035550811WK3,30/09/1971,2220,2030,2040,2020,08
ANA,MARIA,GUEVARA,NAZARIO,GRO,NUEVA IRLANDA,DE LA MONTANA SUR,EJE VIAL REPUBLICA DE MOLDOVA,2172B,INT 361,70782,YNIN597846MJJOCO55,HDJQBP97928140N4XN,21/01/1985,2472,2025,2035,2018,07
ROCIO,,GALLARDO,MAYORGA,CAMP,NUEVA SUIZA,DE LA MONTANA NORTE,DIAGONAL DINAMARCA,4601-79,,89718,HAEW551692HQONQQE1,LKZTZH22905109Z4Q5,10/12/1954,7191,2027,2037,2020,05
ELOISA,,HUERTA,MURO,TLAX,NUEVA SINGAPUR,LOS ALTOS SUR,CIRCUITO SUR CARRANZA,448C,INT 261,73580,YZDJ023058MKUHXTL9,UYCGTA61163131OQJQ,18/07/2004,6971,2027,2037,2016,08
ADELA,,OCASIO,PAZ,CHIS,SAN ISABEL LOS BAJOS,LOS BAJOS SUR,DIAGONAL DURANGO,2187B,,73922,KARP899519MTTNMT39,HVHGGR86916169WH97,25/11/1936,5658,2030,2040,2006,07
DELIA,,CASTRO,LOMELI,Q.ROO,NUEVA NUEVA ZELANDIA,LOS ALTOS NORTE,DIAGONAL YUCATAN KM,26.7,INT 441,90581,KKVH549564MMHVZL58,PFTPAW18169875GZ18,31/08/1943,3163,2030,2040,2010,03
CARLA,,CAMACHO,BERMUDEZ,ZAC,VIEJA ZAMBIA,DE LA MONTANA NORTE,CALLE GUINEA,S/N,INT 238,83880,YXGE315290MRGPGWQ3,IBTVUK96928582IRAH,08/08/1998,7230,2025,2035,2016,02
LEONOR,,VEGA,AREVALO,TAMPS,SAN JOSE DE LA MONTANA,DE LA MONTANA SUR,CORREDOR SIERRA LEONA MZ 67 LT,69,INT 807,54894,QKFM007562HLJUPP63,QPNMDY36498921LZQX,14/11/1964,0155,2025,2035,2015,04
GLORIA,,ZELAYA,CUELLAR,TAMPS,NUEVA ARABIA SAUDITA,LOS ALTOS NORTE,EJE VIAL NORTE COTTO MZ 17 LT,79,E,59183,PXSG127797HWLFUA82,EXQMOX56704252GXGQ,26/04/1975,5942,2024,2034,2023,12
IRMA,,VALENCIA,LUEVANO,GTO,SAN FELIPE DE LA MONTANA,LOS ALTOS SUR,AVENIDA MONTES MZ 97 LT,6,,26366,ICLF221713MAMZTJY5,BIHJJB89667796L5FX,02/05/1945,8781,2026,2036,2016,11
CONCHITA,,ENRIQUEZ,SERRATO,SLP,SAN LETICIA LOS ALTOS,LOS BAJOS SUR,PASAJE CANADA,6686F,INT 218,66613,ISDN379202HHSIXRY5,XJRRRR34039818FISH,19/07/1987,7091,2029,2039,2020,09
BRUNO,,FIERRO,ESCOBAR,TLAX,SAN YOLANDA LOS BAJOS,DE LA MONTANA NORTE,PROLONGACION LUXEMBURGO,S/N,,25781,OAVK580362MHVQMJ27,RODEPR05735036G6FC,17/01/2003,2331,2020,2030,2008,06
ZOE,,SALAS,ESQUIVEL,PUE,SAN GRACIELA LOS ALTOS,LOS ALTOS NORTE,PEATONAL ESTONIA,S/N,,85522,MPEU715960MNRZHFS5,YISNAY77283334FLDH,07/12/1976,5670,2022,2032,2006,10
FIDEL,,MONTEMAYOR,PRIETO,TAB,NUEVA HUNGRIA,LOS ALTOS NORTE,ANDADOR SUR HOLGUIN,2056A,,62887,HITI603010HUYBTL08,QCJYWE72857193F2GK,13/10/1980,1471,2022,2032,2002,08
GUSTAVO,,PEDROZA,URBINA,OAX,SAN SARA LOS BAJOS,LOS BAJOS NORTE,PEATONAL SAN LUIS POTOSI MZ 55 LT,70,I,25174,MCHD577152MHOSAA23,IGFOMU35892030RMTU,02/08/1942,1503,2021,2031,2010,11
ALDONZA,,GUZMAN,LUCERO,NAY,SAN MARIA LUISA LOS ALTOS,LOS ALTOS SUR,CIRCUNVALACION MICHOACAN DE OCAMPO,5156-40,EDIFICIO 14 DEPTO 56,87771,NORA369985MQJDJZ77,JRBQTB82103844B6C2,03/07/1955,5669,2026,2036,2016,05
MARCO,ANTONIO,NAJERA,URIAS,CHIH,NUEVA RWANDA,LOS BAJOS NORTE,AVENIDA MEXICO,4811-28,,42172,PFMG564884HCRSVEE0,PQRRTF97271474218L,19/06/1973,3232,2029,2039,2002,11
IRENE,,TREJO,SOLIS,SON,SAN SESSA LOS BAJOS,DE LA MONTANA SUR,VIADUCTO SUR OLIVO,8150-73,,67628,QIED544219HPQEEFE6,FILYUX62316174ZE6V,28/07/1978,6036,2027,2037,2003,12
JORGE,LUIS,TEJEDA,BRISENO,PUE,SAN RAUL LOS BAJOS,LOS ALTOS SUR,PEATONAL NORTE VERDUZCO MZ 70 LT,43,,71119,IILM985938MJMVLRT7,JXYRUD37324605J6ZH,09/09/1999,9943,2026,2036,2006,03
MODESTO,,CANALES,CARABALLO,AGS,NUEVA ARMENIA,DE LA MONTANA NORTE,RETORNO ESPINAL MZ 38 LT,50,,46098,UAUT332131HOIOZN83,GZVVIO310395011RJN,04/04/1985,7017,2026,2036,2021,12
DALIA,,VILLEGAS,OLIVO,GRO,SAN OFELIA LOS BAJOS,DE LA MONTANA SUR,CALLE CÃ”TE D'IVOIRE,2083-63,,10126,DVPK593193HQUTUDR4,IPFZKM44080589GJ7T,02/02/1984,8348,2020,2030,2015,03
ESPERANZA,,VALDES,CAMARILLO,VER,NUEVA ITALIA,LOS BAJOS NORTE,RETORNO ARABIA SAUDITA KM,73.2,,89916,QLOX045756MFCITPK5,NTDRDG01868159S1K2,31/03/1947,8627,2022,2032,2003,07
AIDA,,BALDERAS,LUCERO,BCS,NUEVA SAN VICENTE Y LAS GRANADINAS,LOS BAJOS NORTE,CALLEJON GUINEA BISSAU,S/N,,97595,ITMU989012HBOBCV59,AKRWQI223122184PQL,18/10/1953,0085,2022,2032,2023,03
JAIME,,CASTILLO,ALVAREZ,Q.ROO,NUEVA VIETMAN,LOS BAJOS NORTE,ANDADOR ERITREA,1123B,PISO 2,75737,LWLY346368HDURATB1,BURJID24909046FCXP,28/03/1982,6513,2021,2031,2009,07
CAMILA,,SARABIA,BANUELOS,AGS,NUEVA BRASIL,LOS BAJOS NORTE,RETORNO SUR VILLAREAL KM,75.3,PISO 8,11968,TXOB633397HAWZMXR7,YHYUMX67731668I4FK,06/07/1960,1371,2026,2036,2016,08
MANUEL,,ESQUIBEL,VELIZ,NL,SAN HORACIO LOS BAJOS,DE LA MONTANA NORTE,CALLEJON NORTE VERA,6535,,79490,OAAP893408HIWXGXY4,BQESTD89667964M4RA,05/02/1966,1921,2027,2037,2002,11
JOSE,EMILIO,VIERA,CEDILLO,SON,VIEJA AFGANISTAN,LOS BAJOS SUR,CONTINUACION SUR BARRAGAN,9420-24,,63558,PZVC680591MNPDDBU0,NVHOTB53884700I30V,19/02/1942,7723,2022,2032,2007,01
ISABEL,,SERRANO,RENDON,TAB,NUEVA FILIPINAS,DE LA MONTANA SUR,AMPLIACION NORTE CONTRERAS MZ 20 LT,93,,66692,HUEE080373MGUZWZL7,CDJWIT576554572TIA,28/09/1987,4765,2020,2030,2004,09
RAQUEL,,HERNANDEZ,MATA,VER,SAN HELENA LOS BAJOS,DE LA MONTANA SUR,CONTINUACION NORTE VARELA,1382-31,,13338,NZIP031361HYPOGEZ3,YHURRQ94690553ZF4D,08/07/1947,8642,2023,2033,2017,12
CECILIA,,ALCANTAR,VAZQUEZ,HGO,SAN ZOE DE LA MONTANA,DE LA MONTANA SUR,CONTINUACION ZACATECAS,S/N,,57159,JDHD941249HCPJSQ02,QDWFRR58114279FEMO,12/05/1946,9655,2020,2030,2000,03
ANA,LUISA,HEREDIA,ALEMAN,SON,NUEVA LUXEMBURGO,DE LA MONTANA SUR,CIRCUNVALACION NORTE LUCERO KM,64.6,EDIFICIO 19 DEPTO 93,31000,IHKN683427HFJQRKH3,IQFFSX58098113O5VV,07/01/1972,3709,2022,2032,2011,03
OSWALDO,,ROBLEDO,PEREA,HGO,VIEJA ANGOLA,DE LA MONTANA SUR,CONTINUACION SUR ROCHA KM,87.2,INT 323,72606,RFZS760462MYABVTE7,ZFSFRJ31256932647G,26/09/1977,2077,2022,2032,2001,07
CLARA,,PERALTA,CORREA,SON,VIEJA SOMALIA,LOS ALTOS SUR,VIADUCTO CHAVEZ,2951-89,,59308,RTKO584135HOKKLIE5,HNEDPL13918791EB7Y,23/03/2006,0037,2028,2038,2014,02
ALDONZA,,SANCHEZ,CARRASCO,BCS,SAN EUGENIA DE LA MONTANA,LOS ALTOS NORTE,CERRADA NORTE NORIEGA,4713H,,24984,VCJF211663MQLWOKM0,QUGKAK12790163T5AW,16/11/1953,3206,2030,2040,2016,11
FELIPE,,BRAVO,TEJADA,BCS,SAN LILIANA LOS BAJOS,LOS ALTOS NORTE,DIAGONAL SUIZA,S/N,,79334,YSDA499234HXMZYO80,THOKYI05401288I1EX,07/03/2007,8163,2020,2030,2008,02
RAMIRO,,MANZANARES,ROSAS,AGS,SAN DALIA LOS BAJOS,DE LA MONTANA SUR,CALLE NORTE ONTIVEROS,S/N,DEPTO 292,15578,AQXX958039MHSWKB03,UPUPQT65062206GCMA,30/06/1944,6491,2022,2032,2022,02
MARTHA,,ROQUE,ROQUE,TAB,VIEJA DINAMARCA,LOS BAJOS SUR,CIRCUITO BORREGO,2330-36,,14940,TEJK000620HENTYSP9,RCGPDK29616819384G,11/10/1936,5205,2023,2033,2019,07
HORACIO,,ARROYO,ZAMORA,GTO,SAN INDIRA DE LA MONTANA,DE LA MONTANA SUR,RETORNO MIRAMONTES,S/N,,36667,VDKL949713HQLMRLU8,YEOWCU77477923X7OO,25/06/1991,6218,2023,2033,2001,02
CARIDAD,,LOERA,ZELAYA,BCS,VIEJA REPUBLICA DE MACEDONIA DEL NORTE,LOS BAJOS SUR,EJE VIAL VAZQUEZ KM,44.5,,92683,BMEJ095370HRHPGN10,XWOFBX04850074DT7N,20/11/1998,5338,2020,2030,2007,02
DELIA,,ARREOLA,JUAREZ,TAMPS,SAN ROSA DE LA MONTANA,LOS BAJOS SUR,ANDADOR TORREZ KM,63.2,,78030,JLJI702412MRBKMV64,JPDOYF07239621CQ0D,17/05/1956,9102,2026,2036,2017,12
JOSE,EMILIO,HOLGUIN,OLIVAREZ,CHIS,SAN ALDO LOS ALTOS,DE LA MONTANA SUR,PRIVADA SEGOVIA MZ 11 LT,71,PISO 11,76617,HVFW804909MDONZJS1,CPJDIG59435088JPO1,08/12/1978,9522,2021,2031,2011,08
SOCORRO,,CARRION,CONTRERAS,Q.ROO,VIEJA SUDAN,DE LA MONTANA NORTE,CIRCUNVALACION BAJA CALIFORNIA SUR,S/N,,20202,QCPT322950MXTGZYJ8,FOPRUR46327291GITS,14/05/2006,3899,2024,2034,2022,01
JOSE,EDUARDO,ARRIAGA,ZAVALA,NAY,NUEVA PAISES BAJOS,DE LA MONTANA NORTE,PEATONAL CHIPRE,9050H,,70933,NEVT105744HFFTRB41,NVVGHA59387415AIEG,05/05/1966,8618,2030,2040,2003,10
SALMA,,ARENAS,URIAS,PUE,NUEVA RWANDA,LOS ALTOS NORTE,CIRCUNVALACION CAMBOYA,7250D,DEPTO H,21234,CFNF041988HRBNEIG6,UEVBGV23665716RR1M,13/03/1977,6131,2022,2032,2018,09
FRANCISCA,,VALVERDE,BORREGO,OAX,VIEJA JORDANIA,LOS ALTOS NORTE,AVENIDA SUR TIJERINA,8742-68,F,50159,YLFL583656HSJTFCT1,XKLSUK69947590W2RP,22/02/1969,2899,2023,2033,2005,07
JOSEFINA,,URENA,CORREA,MEX,SAN OCTAVIO DE LA MONTANA,LOS BAJOS NORTE,EJE VIAL ROBLEDO,5117A,,22815,OULR531055HPPTIFK3,BZQFQO62461418QOBT,25/11/1986,3267,2029,2039,2019,06
MICAELA,,BENITEZ,GIRON,TLAX,VIEJA ISLANDIA,LOS BAJOS SUR,CONTINUACION TORO,8139,INT 887,40477,KETE896132HYKJPRB3,KHDCHP64303142QBNC,16/10/2002,8419,2024,2034,2009,07
MAYTE,,OTERO,GUTIERREZ,BC,NUEVA BENIN,DE LA MONTANA SUR,RETORNO SUR SANTANA,S/N,EDIFICIO 5 DEPTO 58,29677,PPIX658175MWUZAKT8,FHSBFU68876110P7AI,27/11/1950,4486,2028,2038,2021,06
MERCEDES,,SOSA,RAEL,NL,SAN ARTURO DE LA MONTANA,LOS BAJOS SUR,CIRCUITO OAXACA,695G,DEPTO 109,73036,MHJH609292HAAPFA51,TSGSBD233394732LNH,06/09/1934,7545,2030,2040,2010,10
MARISOL,,OZUNA,NAVA,BCS,SAN FRANCISCA LOS BAJOS,LOS BAJOS NORTE,PERIFERICO JAMAICA,9249,,78192,DUZJ112020HNSPPFR9,WQBKSH31948129W816,24/06/1992,0305,2020,2030,2016,05
HECTOR,,ESQUIBEL,RAYA,COL,SAN ISRAEL LOS ALTOS,DE LA MONTANA NORTE,PEATONAL PAPUA NUEVA GUINEA,8342,,74759,NONX687804HAFEUJ94,PJOIHL85627267IA53,15/05/1972,5516,2028,2038,2005,07
PAOLA,,BACA,ALVARADO,SLP,NUEVA SRI LANKA,DE LA MONTANA SUR,PRIVADA TLAXCALA,S/N,INT 454,89609,FWXE455061MNYGRKQ8,FXAQKV49642214JZB7,10/11/1959,4838,2022,2032,2006,07
ESPERANZA,,AVILA,MENENDEZ,OAX,NUEVA PANAMA,LOS ALTOS NORTE,AMPLIACION SOLIZ,820-57,PISO 13,87322,TEBW322913MBVFOR62,OZLLKD811931181LVP,25/01/1963,2242,2025,2035,2017,04
MARCO,ANTONIO,COVARRUBIAS,SAENZ,COA,SAN SALVADOR DE LA MONTANA,LOS ALTOS NORTE,CALLEJON MAURITANIA KM,82.7,PISO 4,59094,QYOW232420MHUXTFI4,KISDFO02864568CCDB,09/04/1942,1112,2029,2039,2004,06
SALVADOR,,ROLON,PRECIADO,ZAC,NUEVA IRAQ,LOS ALTOS SUR,CALLE MURILLO MZ 34 LT,49,,41739,UBOF677645HWHCSZK2,TWBSAN092828557A4F,13/02/1942,8790,2029,2039,2009,09
ELSA,,REYNA,HEREDIA,TLAX,NUEVA REPUBLICA DOMINICANA,LOS BAJOS NORTE,AMPLIACION AGUASCALIENTES,S/N,,56599,GEYD490110HCDNHJ20,NQAIUN47498205D72G,30/01/1973,4624,2023,2033,2005,01
MINERVA,,CURIEL,ARIAS,TAMPS,VIEJA SUDAN,DE LA MONTANA SUR,RETORNO NIGER,6286-57,,47680,ZSBJ624753MFMFPEE2,JEEJCH279660599B1F,10/08/1991,8724,2026,2036,2023,12
JUAN,,CORRAL,GUERRA,SON,SAN JORGE LUIS LOS BAJOS,LOS ALTOS SUR,PEATONAL RAMIREZ KM,3.4,,81325,BFBK412321HJMDKD12,XUHXWN64043018PJUA,04/08/2003,9027,2024,2034,2012,09
ALVARO,,GALVAN,ARCHULETA,SIN,NUEVA MICRONESIA,LOS ALTOS NORTE,VIADUCTO OTERO,1102-27,,86883,ITWM481503HUDJVPB3,LTYETE40633917J421,10/01/1943,3281,2023,2033,2016,02
GONZALO,,SALINAS,ESPINOSA,GRO,VIEJA SIERRA LEONA,DE LA MONTANA NORTE,AMPLIACION YUCATAN MZ 71 LT,38,,91483,XRMD482281MUNBVR81,YMNICT36624107Q64Q,21/01/2003,2154,2030,2040,2019,07
NATALIA,,TREJO,GODINEZ,TLAX,NUEVA SRI LANKA,LOS BAJOS SUR,BOULEVARD LABOY KM,72.9,,87269,NDSZ731714MQCJKOY6,QFLADL81175528618B,04/06/1968,0394,2025,2035,2010,09
PASCUAL,,ARMENTA,GAMEZ,JAL,SAN NELLY LOS BAJOS,DE LA MONTANA NORTE,VIADUCTO SUAREZ MZ 30 LT,89,J,54873,GASE456824MJXFUTV9,VEHNNL66671986AED2,09/08/1975,2054,2024,2034,2016,02
SANTIAGO,,BENAVIDES,ORELLANA,TAB,VIEJA REPUBLICA ARABE SIRIA,DE LA MONTANA NORTE,AVENIDA SUR MATOS,3260A,,94114,NNNT735620HUVKJXY1,WFXSKD089299699E4G,23/02/1953,3686,2025,2035,2019,08
TOMAS,,AMADOR,URIBE,PUE,NUEVA REPUBLICA DEMOCRATICA DEL CONGO,LOS BAJOS SUR,BOULEVARD NORTE VALLEJO,587,EDIFICIO 10 DEPTO 54,92281,HRZH993002MGEXHC24,HCNOVT104506694K2Y,19/12/1978,7575,2029,2039,2004,03
NATIVIDAD,,MANZANARES,VILLANUEVA,AGS,VIEJA PALAU,LOS BAJOS NORTE,PASAJE COLIMA MZ 42 LT,79,,13393,MIHD776971HNHVDJ73,CGSQYW22879886740R,21/10/1948,1663,2023,2033,2020,02
MARISELA,,TERRAZAS,RAZO,SIN,NUEVA TRINIDAD Y TABAGO,LOS BAJOS SUR,ANDADOR CAMPECHE,1663-45,,37028,RVCP012463HOPFHJ15,UXARXE064850159LI7,15/12/1941,6838,2024,2034,2011,10
OSCAR,,NORIEGA,ALARCON,CHIH,SAN WILFRIDO LOS BAJOS,LOS ALTOS SUR,CALLE GARICA,S/N,,30943,LCFV647196MMMZAH18,IHQTBD96448811LDXO,16/08/1973,8762,2030,2040,2008,08
GRACIELA,,QUINTANILLA,MARIN,DGO,VIEJA ISLANDIA,LOS BAJOS NORTE,AMPLIACION ZACATECAS,S/N,,57868,SDKR856985HLHMGP67,MOJMZH32564625UBYC,24/12/1950,5529,2021,2031,2002,10
JULIO,CESAR,LEMUS,BERRIOS,BC,VIEJA MALI,DE LA MONTANA NORTE,PRIVADA MALAWI,5858-21,,80342,QEXH003990HERHDV20,QIFRVQ95863452CAJY,17/07/1999,4121,2027,2037,2015,12
CARLOS,,SALDANA,VENEGAS,COL,VIEJA PALAU,DE LA MONTANA SUR,ANDADOR SUR ROCHA,9354,INT 430,63256,SYCD712871MSBREMZ4,OTVBRP41957234EJZD,19/11/1967,7109,2020,2030,2020,12
FRANCISCO,,VIGIL,RIOJAS,TLAX,NUEVA SENEGAL,DE LA MONTANA NORTE,PASAJE SUR ALTAMIRANO,8721B,,57750,MRDS288889HGBDCFK7,SGDGNJ984790005FIG,13/05/1953,4907,2022,2032,2014,08
MARIA,LUISA,LEDESMA,ROSAS,TAMPS,VIEJA UZBEKISTAN,LOS ALTOS NORTE,PRIVADA HIDALGO KM,41.9,,67624,XVKC918704HCSJHBB9,YPKLYG24124276MOOI,29/09/1995,9117,2025,2035,2018,06
ROBERTO,,SALAZAR,MATOS,VER,SAN LUISA LOS BAJOS,LOS BAJOS NORTE,VIADUCTO TLAXCALA,9301-29,,82355,CSLW696675HJFAFG10,IDFAXV733590720WDD,04/07/2002,3008,2020,2030,2006,08
JAQUELINE,,LUNA,RESENDEZ,TAMPS,SAN IVAN LOS ALTOS,DE LA MONTANA NORTE,CERRADA AZERBAIYAN,S/N,,16167,LQSO465865MBHPQQM1,VDWJII54041922PGC9,21/07/1997,9977,2028,2038,2011,10
ARMANDO,,GURULE,ESCALANTE,QRO,VIEJA SERBIA,LOS BAJOS SUR,EJE VIAL MEDRANO MZ 28 LT,65,,32661,PDKU536874MJELJI90,XFLZGA20337743FVJR,28/07/1978,1052,2020,2030,2006,07
MICAELA,,MONTOYA,PRIETO,SLP,VIEJA SAMOA,LOS ALTOS SUR,CONTINUACION ZAVALA,7361-16,DEPTO H,90932,TEVG062720MBHMVWI2,KJNXPD20678383WEDO,02/04/1994,9817,2029,2039,2004,08
ESTELA,,CAMARILLO,VALENZUELA,TAB,SAN ADAN LOS ALTOS,DE LA MONTANA NORTE,CIRCUNVALACION NORTE ROBLEDO,7012,,60376,SPEW091869HWXUYKP1,PPOKKW603875428FOW,18/05/2000,8110,2028,2038,2018,08
ITZEL,,LINARES,TIJERINA,NL,NUEVA CHAD,LOS BAJOS NORTE,PEATONAL FINLANDIA,7469-38,,40543,SXAY825923HCMMIK55,HLKRJZ18339368NE5M,22/02/1979,1146,2021,2031,2003,04
RAMON,,PICHARDO,ZAYAS,MOR,VIEJA PAISES BAJOS,LOS ALTOS NORTE,RETORNO NORTE OJEDA,S/N,EDIFICIO 18 DEPTO 23,53023,YEWS032605MYRKUA62,UTRYGD124828551Y2B,07/05/1967,7358,2026,2036,2020,01
HELENA,,OLVERA,COTTO,SIN,NUEVA SUECIA,DE LA MONTANA NORTE,CONTINUACION NINO,2900-43,,88257,JPBL507363HSNVFHN6,HMOKZP13866541FP3U,25/01/2003,7760,2024,2034,2009,08
MARISOL,,PICHARDO,RIVAS,BCS,SAN MARIANA LOS BAJOS,LOS ALTOS NORTE,PEATONAL SUR VAZQUEZ KM,29.2,,74221,YMBQ951170HKYFZYT8,ABOJIV72575253PQI3,14/01/1999,8158,2030,2040,2023,07
TIMOTEO,,PALOMINO,OSORIO,DGO,SAN ELOY DE LA MONTANA,LOS ALTOS NORTE,DIAGONAL NORTE COLLADO,4856,DEPTO B,28518,HDNP271960MBBUJCN8,BFELGB43954360FVCY,28/08/1958,1528,2027,2037,2009,04
ESMERALDA,,AMADOR,PACHECO,ZAC,NUEVA SERBIA,LOS ALTOS NORTE,CIRCUITO MONACO,6075,,79191,JLJQ240534HWMLOUB8,QVSRVT7481067866BE,17/02/1942,0540,2026,2036,2007,08
MARGARITA,,RAEL,RIVERA,BC,VIEJA REPUBLICA DE MACEDONIA DEL NORTE,DE LA MONTANA SUR,CIRCUITO SUR OROZCO,9657D,,54260,MOXX493080HAERWKD5,KRSZST8353659981TR,14/04/1958,5551,2022,2032,2008,02
HECTOR,,ESQUIBEL,AGUAYO,Q.ROO,SAN GUILLERMO LOS ALTOS,LOS ALTOS NORTE,VIADUCTO YEMEN,S/N,,80335,KZTA599305HXECACZ5,VKTAKE985075606I1P,06/06/1969,1961,2020,2030,2009,10
AURORA,,HIDALGO,MARROQUIN,GTO,SAN MARIANA LOS BAJOS,LOS BAJOS SUR,CORREDOR HIDALGO KM,38.9,,16038,JVHA008730MFDBVMJ9,NPVYCK14051577D7BR,26/06/1953,1188,2021,2031,2001,05
MARIA,EUGENIA,CERVANTES,ALTAMIRANO,TAB,SAN OLGA DE LA MONTANA,LOS BAJOS NORTE,CIRCUNVALACION SAINT KITTS Y NEVIS MZ 61 LT,5,,21337,CEGD340634MDPKVOO8,HMCMHP17173195GIB6,19/06/1985,0908,2026,2036,2008,01
ANA,LUISA,PALOMO,MAYA,TLAX,SAN ANTONIA LOS BAJOS,LOS BAJOS NORTE,VIADUCTO CORTES MZ 19 LT,27,,30537,NICK985623HCGXKTF3,HQTWEB431485569U6M,08/01/1990,1792,2024,2034,2001,09
DULCE,MARIA,HENRIQUEZ,GALVAN,SIN,SAN GONZALO DE LA MONTANA,DE LA MONTANA NORTE,ANDADOR YUCATAN,2956D,,50244,TFPV098779HMHABQG8,IURZLB99525941D0CV,24/04/1975,6151,2027,2037,2015,05
INDIRA,,LEON,RIOJAS,TAB,SAN MODESTO DE LA MONTANA,DE LA MONTANA NORTE,BOULEVARD JALISCO,3804,B,95452,SSVL638665MZWVJZW4,WVNCKT675889905C9Q,16/12/2004,5869,2028,2038,2011,12
MAYTE,,TELLEZ,MALDONADO,SON,VIEJA MONGOLIA,LOS BAJOS SUR,CALLE NORTE CERVANTES,9651-55,DEPTO 463,84242,ZFXG384037MQBDDZK2,YCYHKS136177170832,20/02/2001,5235,2024,2034,2010,12
NAYELI,,ESCOBEDO,NIETO,HGO,NUEVA INDONESIA,LOS ALTOS NORTE,CALLEJON GAMEZ KM,62.0,PISO 13,27648,AUGG478560HHPXNGL9,JLVBFB98206511BFRS,15/01/1965,5526,2029,2039,2005,06
SILVIA,,MARRERO,ROLON,PUE,VIEJA AZERBAIYAN,LOS ALTOS NORTE,AMPLIACION BERNAL KM,32.2,,72490,SPYN345825HXDKJCQ1,SIPPQR36230285QZLQ,18/10/1994,9626,2021,2031,2023,02
ESPERANZA,,AVILA,JASSO,PUE,VIEJA OMAN,DE LA MONTANA SUR,CORREDOR SUR DEL VALLE KM,75.4,,12155,TMPH135384HSFQEJT1,QXHYCB88314066HN33,28/12/1956,7375,2028,2038,2023,02
MARIA,DEL CARMEN,REYES,BARRAZA,CHIH,VIEJA PARAGUAY,DE LA MONTANA NORTE,AMPLIACION SUR ALONZO,870-49,EDIFICIO 19 DEPTO 63,77552,QLQU087074MKYPREN5,KLNQDA20545655GIYO,01/08/1983,1446,2024,2034,2016,05
ALMA,,HUERTA,TAFOYA,SON,VIEJA MEXICO,LOS BAJOS NORTE,CALZADA SANDOVAL KM,30.7,,77535,GJRC638894MFTOBM09,JQNLYJ14627273K3BA,26/07/1992,5689,2020,2030,2015,01
JOSE,MARIA,TIRADO,SOLORZANO,TAB,SAN MITZY LOS BAJOS,LOS ALTOS SUR,EJE VIAL PUEBLA,835J,E,42862,MWTG288563HKZKOP45,SZNAZD623312763P7O,05/10/1965,7621,2024,2034,2014,09
CRISTINA,,ALEMAN,ARMAS,NL,NUEVA FILIPINAS,LOS ALTOS NORTE,ANDADOR CONTRERAS MZ 21 LT,52,,26214,IYHM279262MUKHGIY4,WGDVTA31356990XMOQ,19/05/1985,4418,2023,2033,2002,12
FERNANDO,,RINCON,ARENAS,ZAC,VIEJA CAMBOYA,DE LA MONTANA NORTE,CIRCUNVALACION JIMENEZ MZ 61 LT,49,,30384,ILNL682381MKROFPB5,AVRBAL19390317NLVA,26/01/1979,5550,2028,2038,2014,10
JULIO,CESAR,GARIBAY,MAESTAS,NL,VIEJA GEORGIA,DE LA MONTANA NORTE,AMPLIACION AZERBAIYAN KM,6.8,,76362,PCMY849713MDMKAX03,NQIWYN0786453520P3,12/11/1974,8613,2030,2040,2001,04
ZOE,,MERCADO,GAMBOA,CDMX,SAN ERNESTO DE LA MONTANA,DE LA MONTANA SUR,EJE VIAL BACA KM,65.6,,49505,BTVF677329HMYKYMV6,JFMLHK809309809SWS,16/07/1956,2168,2025,2035,2016,07
FIDEL,,GARRIDO,ALVA,PUE,VIEJA MARRUECOS,LOS BAJOS SUR,PASAJE VERACRUZ DE IGNACIO DE LA LLAVE MZ 82 LT,85,,16900,UOEC363968MPKLRMG0,FKYQOL76544584UGRA,05/08/1978,6317,2028,2038,2013,01
PABLO,,GAMEZ,GODINEZ,SIN,SAN ABRIL LOS BAJOS,LOS ALTOS SUR,PERIFERICO ECHEVERRIA,7103,C,59769,RXVL938266HUUMXHQ1,OBNWJL070906676A4W,23/06/2006,2588,2026,2036,2002,02
CITLALI,,BARRETO,GUARDADO,ZAC,VIEJA REPUBLICA DOMINICANA,DE LA MONTANA SUR,CALLEJON TAMEZ KM,62.7,G,33063,IDFW158431HVEGYJ36,IZMJWT19488831C4D1,18/03/1966,2425,2026,2036,2004,04
SANDRA,,FRIAS,SARABIA,HGO,NUEVA SENEGAL,LOS BAJOS SUR,CORREDOR CANO MZ 7 LT,69,,14464,EZRP053611HZBROUS0,FZWVAT32100111LJJG,07/12/1951,4510,2022,2032,2008,04
MARISOL,,MONTANO,AMADOR,TAMPS,NUEVA ARGELIA,LOS ALTOS SUR,CONTINUACION NORTE MESA MZ 4 LT,2,EDIFICIO 1 DEPTO 14,28618,UZKJ579256MSBSKWB1,ZLPOEO18067491X0VY,04/06/1948,2451,2028,2038,2005,10
VERONICA,,COVARRUBIAS,ESPINOSA,OAX,VIEJA SAN VICENTE Y LAS GRANADINAS,LOS ALTOS SUR,CALZADA NORTE ROYBAL,S/N,E,32073,UCVG018545HNMBBF59,FTXRVG816922048D4X,28/03/1950,1605,2021,2031,2006,06
CECILIA,,CASTANEDA,CENTENO,SIN,SAN MODESTO LOS ALTOS,DE LA MONTANA NORTE,CERRADA SUR VILLAREAL,3874-20,DEPTO 101,19085,WPIW392125HXYFAQ26,RUSDOX17828377YE1H,27/05/1934,4239,2030,2040,2019,05
LILIANA,,QUESADA,VALENZUELA,SIN,NUEVA KUWAIT,LOS ALTOS NORTE,VIADUCTO TLAXCALA,1345,PISO 11,83831,ZWOY329350MAHQVEH4,ZBYKZR10062225ZKCD,07/07/1991,0154,2022,2032,2023,04
ALICIA,,CASTRO,BALLESTEROS,TAB,VIEJA TIMOR-LESTE,DE LA MONTANA NORTE,PROLONGACION CAMARILLO,S/N,,93776,GCUQ254352HKVVZJT7,IDHHBQ96976921NYBQ,24/06/1995,0955,2022,2032,2014,11
LUIS,,PANTOJA,IRIZARRY,BCS,SAN PASCUAL LOS ALTOS,LOS ALTOS NORTE,VIADUCTO NORTE ARREDONDO KM,69.2,,31387,AXNX504686HHXOPSX4,WYRJLO01491302TMB9,15/01/1956,5821,2029,2039,2002,02
ANEL,,BAHENA,JUAREZ,MOR,SAN JACINTO LOS ALTOS,DE LA MONTANA SUR,BOULEVARD NORTE VELASQUEZ MZ 30 LT,46,,96190,FPAZ652519HSZPCF30,UKLTZQ90393914V238,02/09/1989,2819,2026,2036,2011,09
CECILIA,,ZAVALA,CARRILLO,PUE,SAN JAIME LOS ALTOS,DE LA MONTANA SUR,PEATONAL VAZQUEZ,4269-9,,56617,YBKP311218HWIEOS82,DYYKSJ32351374MN9B,17/04/1940,3265,2027,2037,2004,03
CITLALI,,ESCAMILLA,ESCOBEDO,COA,SAN RENATO DE LA MONTANA,LOS ALTOS SUR,PRIVADA NORTE MURO,4841,,32415,SDFK412605MZPKCT97,QWJAKW85019866XQ4A,06/01/2000,8434,2026,2036,2016,10
MARIA,EUGENIA,ARMAS,SANCHEZ,YUC,SAN VICTORIA LOS ALTOS,DE LA MONTANA SUR,RETORNO SUR GRANADOS,3140,,18575,DMPP515121MWWNAMN4,VUAESW9297126193WX,25/08/1937,4126,2025,2035,2000,04
CORNELIO,,BAEZA,DUENAS,AGS,SAN MARTIN DE LA MONTANA,LOS ALTOS NORTE,PERIFERICO LESOTHO KM,40.2,PISO 6,19087,RZKG213423MAFGMPL9,GYDKGB50447876ZA4G,23/08/1978,7364,2020,2030,2013,05
HORACIO,,MIRELES,SOSA,GRO,SAN JAVIER LOS ALTOS,DE LA MONTANA SUR,PEATONAL SUR GALLEGOS KM,78.0,DEPTO G,91897,CKSZ782380MEGWNQM4,QDVBXI023472703AN0,20/09/1957,3215,2025,2035,2014,09
OFELIA,,AGUILERA,CORONADO,CDMX,SAN VANESA DE LA MONTANA,DE LA MONTANA SUR,CALZADA MYANMAR,7733I,INT 414,54008,WIGI106154HVEVQRL3,TAABZJ79044648F9FN,29/03/1978,4059,2026,2036,2014,08
RUFINO,,ARELLANO,QUINTANA,GRO,VIEJA GUINEA ECUATORIAL,LOS ALTOS SUR,BOULEVARD VERACRUZ DE IGNACIO DE LA LLAVE,8173G,,11061,FMRK079084MBMUAP47,YBWKQE955679047L4R,04/02/2004,4131,2029,2039,2007,08
ARTURO,,ESPINOSA,ARAGON,VER,SAN LEONEL LOS BAJOS,LOS BAJOS SUR,CALZADA NORTE BELTRAN,S/N,PISO 13,80568,CCGS545417HWCBNXP1,AWYYGI72884247HROF,02/07/1954,3018,2030,2040,2006,11
INDIRA,,ESPINO,GIL,SON,SAN JAQUELINE LOS ALTOS,DE LA MONTANA SUR,CERRADA GASTELUM,9818B,EDIFICIO 11 DEPTO 11,90247,DYED347852HBWRNFL8,WQLIKH98305293UEI1,10/03/1985,8577,2020,2030,2015,02
ALTA,GRACIA,OTERO,BERRIOS,CHIS,NUEVA EMIRATOS ARABES UNIDOS,LOS BAJOS SUR,AVENIDA SUR PERALES,8658C,,90010,WDYO639936HWLFWTL2,YSQAKZ20312557IT9H,29/01/1964,6006,2030,2040,2001,02
DEBORA,,LONGORIA,VILLAREAL,GTO,SAN NICOLAS DE LA MONTANA,DE LA MONTANA SUR,CORREDOR BAJA CALIFORNIA,7550-44,DEPTO G,23184,QAXI689843HDMDEDB3,PNOOVI25977994O0S7,15/08/1962,4015,2027,2037,2021,07
ABEL,,VALDEZ,FARIAS,DGO,VIEJA LITUANIA,LOS BAJOS NORTE,CALZADA ALBANIA,4293,,56671,CPIJ990887HKTVEJN9,ACAYVY43412214NT57,14/12/1942,0426,2024,2034,2001,09
SALVADOR,,QUINONEZ,MERCADO,HGO,NUEVA COSTA RICA,DE LA MONTANA NORTE,CIRCUITO MATA KM,16.4,G,83967,OZYU384471HUJKJMZ4,WROIQB90612352FOS1,06/03/1959,6056,2024,2034,2006,12
RENE,,SOLIZ,PIZARRO,DGO,NUEVA MYANMAR,LOS ALTOS NORTE,BOULEVARD MONTENEGRO MZ 88 LT,36,,99526,ULQT475312HNUXSKX0,KUWESL24300398QH24,10/11/1934,7657,2022,2032,2013,04
NAYELI,,NUNEZ,CARBAJAL,COL,SAN DULCE DE LA MONTANA,LOS ALTOS NORTE,PROLONGACION SANTIAGO,9512-64,,23295,SFXN500223HYPEXPM2,VYEFSS85707615TLCY,16/08/1947,9256,2029,2039,2011,04
MARIA,DEL CARMEN,GIRON,ZEDILLO,CDMX,SAN MARIA CRISTINA DE LA MONTANA,LOS BAJOS NORTE,PRIVADA SUR SANTANA,960,,78909,YFAQ627428MRNOXWV6,DJHZJX29666603WINL,30/01/2003,4638,2026,2036,2005,02
SAMUEL,,LEIVA,URENA,CHIH,NUEVA KIRGUISTAN,DE LA MONTANA SUR,CERRADA TRINIDAD Y TABAGO,6712-77,,93994,GXEC759134HFQEVYI1,VOVHBU0252307942WT,31/10/2002,4999,2030,2040,2002,09
ANTONIA,,CARRILLO,ALVA,NL,VIEJA PARAGUAY,LOS ALTOS SUR,PROLONGACION PARAGUAY MZ 97 LT,37,,23434,TWLI000092MUATPLH4,BMCIQC68270762WLTQ,17/10/1987,3932,2030,2040,2017,03
MARCELA,,VEGA,APONTE,BC,SAN LEONOR LOS ALTOS,DE LA MONTANA SUR,RETORNO DURANGO MZ 75 LT,42,,63920,ACDB395470MYXIAVP4,TIAYEA222946705LVQ,22/05/1946,1175,2025,2035,2021,01
ALDO,,LOYA,DOMINGUEZ,ZAC,SAN MODESTO LOS BAJOS,LOS ALTOS NORTE,AMPLIACION SUDAFRICA,S/N,G,28249,OIAR482954MJIKYG03,QUTJQP41722484YPFP,16/01/1944,5090,2024,2034,2004,08
ISABEL,,MONTEMAYOR,GRACIA,MOR,SAN LORENZO LOS ALTOS,LOS BAJOS SUR,DIAGONAL AGUILAR,S/N,,50493,TUOD855739MVGROHK7,IATCOI15324540YZE7,10/04/1935,0324,2022,2032,2020,04
RENATO,,MARIN,MOJICA,NL,SAN MAYTE DE LA MONTANA,LOS ALTOS SUR,PERIFERICO JALISCO MZ 86 LT,95,,84594,ICMN086140HTVVFL55,FIDWOI24346446OJGD,07/10/1975,8277,2025,2035,2023,10
JULIO,,BATISTA,AMAYA,NAY,NUEVA REPUBLICA POPULAR DEMOCRATICA DE COREA,DE LA MONTANA NORTE,EJE VIAL LEAL,1244-62,,59091,RPSV283796HBSGWTB7,YNAAXV11189097HD5U,04/03/1959,0827,2029,2039,2022,05
VICTORIA,,BECERRA,BENITEZ,TAMPS,NUEVA BARBADOS,LOS BAJOS SUR,EJE VIAL MADERA KM,80.2,DEPTO 857,59370,YWRS771332HGNXMYR8,CEEMBL56040656CS2V,23/09/1978,4579,2022,2032,2002,04
ALFREDO,,ZAMUDIO,LEMUS,SLP,VIEJA FILIPINAS,LOS BAJOS SUR,RETORNO CORTES,1677-49,,38665,SQKK492199HETXJZE7,NYSIPU419838540OEE,01/04/1945,8793,2024,2034,2016,06
ISRAEL,,BERMUDEZ,MOTA,COA,SAN VICTORIA LOS ALTOS,LOS ALTOS SUR,CALLE EL SALVADOR,260-44,INT 478,85867,PGOE609004HKFXBYS5,SGQDCP70448637RO63,28/11/1966,3569,2027,2037,2023,12
PEDRO,,GRIEGO,ARCE,ZAC,SAN RUFINO DE LA MONTANA,LOS BAJOS SUR,PROLONGACION CHIAPAS MZ 16 LT,4,DEPTO 64,41303,FSHM202694MUVZJUL9,ITTMZW38328964DE75,09/07/1964,2645,2024,2034,2015,10
EUGENIO,,FRANCO,CASAS,MOR,NUEVA INDIA,LOS BAJOS SUR,VIADUCTO VERACRUZ DE IGNACIO DE LA LLAVE KM,90.7,,25387,OQYU021199MHZBMTT3,HGWNVM61071898MM8H,02/02/1996,2375,2027,2037,2016,06
ISAAC,,DE JESUS,CORNEJO,VER,SAN JOSEFINA DE LA MONTANA,LOS ALTOS SUR,CALZADA NUEVO LEON,6303-34,,88238,QWZD356766MVDJBG83,LMCDYO60605789DHAJ,04/04/1951,8716,2022,2032,2011,05
ADALBERTO,,LUGO,CANALES,JAL,SAN GUSTAVO LOS BAJOS,LOS BAJOS NORTE,RETORNO ZACATECAS,S/N,,71912,UTNV316037HUXZJJ74,BYZASD09804365SF2V,31/05/1944,4892,2025,2035,2015,02
ADAN,,ESPINAL,GRIEGO,MIC,NUEVA MALASIA,DE LA MONTANA NORTE,CALLEJON SUR BARRETO MZ 80 LT,92,,11164,FQHP801296MRQEBXO7,IPASYH3939768891DN,10/04/1991,2097,2025,2035,2009,09
ABRAHAM,,VALVERDE,ECHEVERRIA,CAMP,NUEVA TAYIKISTAN,DE LA MONTANA NORTE,AVENIDA SOLORZANO KM,56.9,,56939,ATXU534829HYDVQJ61,SLZAGL36989408RMDU,27/05/1951,6649,2020,2030,2007,04
MARCELA,,SEPULVEDA,VENEGAS,AGS,VIEJA NIGER,LOS ALTOS NORTE,DIAGONAL ISRAEL,S/N,,63589,ETEE259588HNROFFY9,KGZLYM484913209MKF,02/04/1996,1161,2020,2030,2017,07
DELIA,,ZAMBRANO,ARENAS,CHIS,VIEJA BAHREIN,LOS BAJOS SUR,BOULEVARD SUR AGUILERA MZ 29 LT,26,,83139,EBNO600988HEIJVTS1,HWGBOT92922684FYNF,05/04/1971,1435,2029,2039,2012,04
BLANCA,,PORTILLO,GONZALES,SLP,SAN MANUEL LOS BAJOS,LOS BAJOS SUR,PROLONGACION QUERETARO,S/N,,28553,JVZO651928MAADNRW9,QNHXBV28204651EWOK,15/08/1937,5557,2020,2030,2022,11
GUILLERMO,,TELLO,LOPEZ,OAX,SAN VIOLETA LOS ALTOS,LOS BAJOS SUR,DIAGONAL OAXACA,8512D,,29440,LOGY086380MQTCODY1,DLTPOX50917035T66J,05/09/1982,6443,2025,2035,2010,11
FIDEL,,ZAVALA,ANGULO,QRO,VIEJA CANADA,LOS BAJOS NORTE,CERRADA LOPEZ,S/N,DEPTO 605,33125,CZIW944040MWOARD64,SALPAG90858362ZX4C,28/04/1940,0454,2029,2039,2015,04
TRINIDAD,,SOLANO,REGALADO,YUC,VIEJA ANDORRA,LOS BAJOS SUR,EJE VIAL GRACIA,9477-31,,40884,PMOY872926HYDREZU7,EJPQUZ98136370B7T1,15/10/1948,8863,2021,2031,2019,11
INES,,GARCIA,CANDELARIA,JAL,SAN ANTONIO LOS BAJOS,LOS ALTOS NORTE,CERRADA BARRIENTOS,9668C,,51389,ISZP559714MFTJAYT8,YZZONI63326941O1TS,26/04/1954,5916,2028,2038,2006,12
NANCY,,GUTIERREZ,GRACIA,GTO,NUEVA BELICE,LOS BAJOS NORTE,AMPLIACION CHIAPAS KM,83.9,DEPTO 239,90038,OSFU791421HGHEOZ46,GTFCEW0422589482VB,18/06/1944,8359,2020,2030,2018,04
PAULINA,,PULIDO,HEREDIA,NAY,SAN PILAR DE LA MONTANA,LOS BAJOS NORTE,CIRCUNVALACION SUR VELA,S/N,PISO 3,85359,HBNJ956609HXPPPWR0,JBNRJN79499699A4J0,19/08/2003,8842,2028,2038,2006,02
EUGENIA,,CORDOVA,SOLIZ,MOR,SAN OLGA DE LA MONTANA,LOS ALTOS NORTE,EJE VIAL ACUNA,7674A,,55162,AKUH684771HCESNCH1,XEAQTK063953257D5E,01/06/1965,1481,2027,2037,2002,12
